{"val": 8.49900307695906e+26, "downsample": 8.361574095740161e+26, "regular": 8.475846067466594e+26, "upsample": 8.33279009143545e+26}