{"overall_pearson": 0.999009831851202, "scc": 0.9549957931916175, "avg_dist_pearson": 0.9476936428909286}