{"overall_pearson": 0.9746197266171506, "scc": 0.12245023520394241, "avg_dist_pearson": 0.12933417530153837}