{"overall_pearson": 0.8681074905089871, "scc": 0.015427238945929747, "avg_dist_pearson": 0.014261521827943697}