{"overall_pearson": 0.9678088755380653, "scc": 0.25474310375840536, "avg_dist_pearson": 0.20377488916844705}