{"overall_pearson": 0.9996229834436446, "scc": 0.2261289685737874, "avg_dist_pearson": 0.21670517213567897}