{"overall_pearson": 0.9751347503441024, "scc": 0.1848240235884327, "avg_dist_pearson": 0.17273124474093204}