{"overall_pearson": 0.9676740044134933, "scc": 0.2547331016403617, "avg_dist_pearson": 0.20774049579472673}