{"overall_pearson": 0.967738461695997, "scc": 0.2548197094583844, "avg_dist_pearson": 0.20529913482486417}