{"overall_pearson": 0.8701574018946938, "scc": 0.014622964670503003, "avg_dist_pearson": 0.01396769765775111}