{"overall_pearson": 0.9677310503444496, "scc": 0.25384941558598645, "avg_dist_pearson": 0.2029972587198802}