{"overall_pearson": 0.9759883691708438, "scc": 0.27426549857745686, "avg_dist_pearson": 0.25104473001700794}