{
  "H3K79me2" : 0.011544573180795,
  "H3K4me2" : 0.031617060902374,
  "H2AFZ" : "NA",
  "H3K9me2" : 0.465376491430727,
  "H4K20me1" : "NA",
  "H3K9ac" : 0.011941428352216,
  "H3K4me1" : 0.065016341707604,
  "H3K27me3" : 0.09574585855943599,
  "H3K36me3" : 0.049589538287937,
  "H3K9me3" : 0.275517667398008,
  "H3K27ac" : 0.000977721612558,
  "H3K4me3" : 0.010391847535144
}
