{"overall_pearson": 0.9924384841662638, "scc": 0.7561565674536054, "avg_dist_pearson": 0.6921522790439406}