{"overall_pearson": 0.9991467701402776, "scc": 0.8795251750068255, "avg_dist_pearson": 0.8133422036412931}