{"overall_pearson": 0.9751347503441089, "scc": 0.16081517273993096, "avg_dist_pearson": 0.17273124474093204}