{"overall_pearson": 0.9693896232313872, "scc": 0.3630699414419537, "avg_dist_pearson": 0.33390081394486015}