{"overall_pearson": 0.9323646780016752, "scc": 0.5048680043127115, "avg_dist_pearson": 0.4531225943657872}