{"overall_pearson": 0.9325472522865588, "scc": 0.5166281316902674, "avg_dist_pearson": 0.4411704026223927}