{"overall_pearson": 0.9766209549444695, "scc": 0.8731048516795981, "avg_dist_pearson": 0.7577079593910863}