{"overall_pearson": 0.9741624339750217, "scc": 0.32665135588781613, "avg_dist_pearson": 0.307843628895935}