{"overall_pearson": 0.9995962197431181, "scc": 0.3139607639696312, "avg_dist_pearson": 0.28783779929297854}