{
    "seed": 29618,
    "production": true,
    "decay_length": 100,
    "nSweeps": 500000,
    "dump_frequency": 50000,
    "dump_stats_frequency": 100,
    "nEquilibSweeps": 1,
    "bonded_on": true,
    "nonbonded_on": true,
    "binding_on": false,
    "diagonal_on": false,
    "displacement_on": false,
    "translation_on": true,
    "crankshaft_on": true,
    "pivot_on": true,
    "rotate_on": true,
    "plaid_on": true,
    "AB_block": false,
    "domainsize": 800,
    "load_chipseq": true,
    "load_configuration": true,
    "prof_timer_on": false,
    "print_trans": false,
    "print_acceptance_rates": true,
    "contact_resolution": 1,
    "gridmove_on": true,
    "diag_chis": [
        0,
        0.02631579,
        0.05263158,
        0.07894737,
        0.10526316,
        0.13157895,
        0.15789474,
        0.18421053,
        0.21052632,
        0.23684211,
        0.26315789,
        0.28947368,
        0.31578947,
        0.34210526,
        0.36842105,
        0.39473684,
        0.42105263,
        0.44736842,
        0.47368421,
        0.5
    ],
    "grid_size": 28.7,
    "track_contactmap": false,
    "diagonal_linear": true,
    "visit_tracking": false,
    "dump_density": false,
    "update_contacts_distance": false,
    "boundary_attract_on": false,
    "boundary_chi": 0,
    "chiAA": 24.78464,
    "chiAB": 1.8936,
    "chiAC": 47.74162,
    "chiAD": 24.36772,
    "chiAE": 24.31709,
    "chiAF": 58.14583,
    "chiAG": 16.82344,
    "chiAH": 8.89535,
    "chiAI": 26.76922,
    "chiBA": 0.0,
    "chiBB": 5.83944,
    "chiBC": -10.34302,
    "chiBD": 3.47365,
    "chiBE": 7.21208,
    "chiBF": 44.423,
    "chiBG": 4.98807,
    "chiBH": -1.10392,
    "chiBI": -35.09484,
    "chiCA": -0.2,
    "chiCB": -0.4,
    "chiCC": 17.82065,
    "chiCD": -11.1989,
    "chiCE": 28.55446,
    "chiCF": 69.97093,
    "chiCG": 54.64192,
    "chiCH": 28.22886,
    "chiCI": 74.01728,
    "chiDA": 0.7,
    "chiDB": 0.7,
    "chiDC": -0.2,
    "chiDD": 16.28557,
    "chiDE": 0.49018,
    "chiDF": 46.51309,
    "chiDG": 97.96781,
    "chiDH": 65.73565,
    "chiDI": 30.78086,
    "chiEA": 0.5,
    "chiEB": 0.7,
    "chiEC": -0.7,
    "chiED": -0.3,
    "chiEE": -1.2407,
    "chiEF": -1.0938,
    "chiEG": 39.57635,
    "chiEH": 41.40573,
    "chiEI": 6.2312,
    "chiFA": 0.6,
    "chiFB": 0.7,
    "chiFC": 0.5,
    "chiFD": -0.8,
    "chiFE": 0.7,
    "chiFF": 117.93882,
    "chiFG": 48.61257,
    "chiFH": 90.19721,
    "chiFI": 108.69509,
    "chiGA": -0.8,
    "chiGB": 0.9,
    "chiGC": -0.0,
    "chiGD": 1.0,
    "chiGE": -0.6,
    "chiGF": 0.7,
    "chiGG": -6.59399,
    "chiGH": 77.45191,
    "chiGI": 89.13293,
    "chiHA": -0.4,
    "chiHB": 0.6,
    "chiHC": 0.3,
    "chiHD": -0.2,
    "chiHE": -0.9,
    "chiHF": -0.5,
    "chiHG": -0.7,
    "chiHH": -4.80951,
    "chiHI": -150.34761,
    "chiIA": 0.3,
    "chiIB": 0.2,
    "chiIC": 0.2,
    "chiID": 0.4,
    "chiIE": -0.3,
    "chiIF": -0.5,
    "chiIG": 0.4,
    "chiIH": -0.5,
    "chiII": 500.96001,
    "nbeads": 1024,
    "nspecies": 9,
    "load_configuration_filename": "equilibrated.xyz",
    "chipseq_files": [
        "seq0.txt",
        "seq1.txt",
        "seq2.txt",
        "seq3.txt",
        "seq4.txt",
        "seq5.txt",
        "seq6.txt",
        "seq7.txt",
        "seq8.txt"
    ]
}
