{"overall_pearson": 0.9717734567279883, "scc": 0.785567088655723, "avg_dist_pearson": 0.7009769551146147}