{"overall_pearson": 0.863455329052243, "scc": 0.013664526951680469, "avg_dist_pearson": 0.013776332154233913}