{"overall_pearson": 0.9677900274768276, "scc": 0.2560307812365469, "avg_dist_pearson": 0.2024470168351962}