{"overall_pearson": 0.9706753891438686, "scc": 0.14278455479995514, "avg_dist_pearson": 0.12150253021128886}