{"overall_pearson": 0.9743501934591726, "scc": 0.08048326485549506, "avg_dist_pearson": 0.09087509237273514}