{
  "seed": 40,
  "production": true,
  "decay_length": 100,
  "nSweeps": 1000000,
  "dump_frequency": 50000,
  "dump_stats_frequency": 100,
  "nEquilibSweeps": 1,
  "bonded_on": true,
  "nonbonded_on": true,
  "binding_on": false,
  "displacement_on": false,
  "translation_on": true,
  "crankshaft_on": true,
  "pivot_on": true,
  "rotate_on": true,
  "plaid_on": true,
  "AB_block": false,
  "domainsize": 800,
  "load_chipseq": true,
  "load_configuration": true,
  "prof_timer_on": false,
  "print_trans": false,
  "print_acceptance_rates": true,
  "contact_resolution": 1,
  "gridmove_on": true,
  "grid_size": 28.7,
  "track_contactmap": false,
  "diagonal_linear": true,
  "visit_tracking": false,
  "dump_density": false,
  "update_contacts_distance": false,
  "boundary_attract_on": false,
  "boundary_chi": 0,
  "smatrix_filename": "none",
  "smatrix_on": false,
  "phi_solvent_max": 0.5,
  "phi_chromatin": 0.06966,
  "kappa": 0,
  "density_cap_on": true,
  "compressibility_on": false,
  "chiAA": -1.0,
  "chiAB": 2.0,
  "chiAC": -1.0,
  "chiAD": 1.5,
  "chiBB": -1.0,
  "chiBC": -1.0,
  "chiBD": -0.5,
  "chiCC": -1.0,
  "chiCD": 1.5,
  "chiDD": -1.0,
  "chipseq_files": [
    "seq0.txt",
    "seq1.txt",
    "seq2.txt",
    "seq3.txt"
  ],
  "nspecies": 4,
  "diagonal_on": true,
  "diag_chis": [
    0.0,
    0.005263157894736842,
    0.010526315789473684,
    0.015789473684210527,
    0.021052631578947368,
    0.02631578947368421,
    0.031578947368421054,
    0.03684210526315789,
    0.042105263157894736,
    0.04736842105263158,
    0.05263157894736842,
    0.05789473684210526,
    0.06315789473684211,
    0.06842105263157895,
    0.07368421052631578,
    0.07894736842105263,
    0.08421052631578947,
    0.08947368421052632,
    0.09473684210526316,
    0.1
  ],
  "nbeads": 1024,
  "load_configuration_filename": "input1024.xyz"
}