{"overall_pearson": 0.9763548769615208, "scc": 0.8696425072594688, "avg_dist_pearson": 0.7674342316814037}