{"overall_pearson": 0.967820532850308, "scc": 0.25525352855971395, "avg_dist_pearson": 0.20020601417804895}