{"overall_pearson": 0.9397655444082698, "scc": 0.0765183921431245, "avg_dist_pearson": 0.06344496455164926}