{"overall_pearson": 0.9695421624578897, "scc": 0.043202610378963446, "avg_dist_pearson": 0.07467155292938805}