{
    "seed": 18730,
    "production": true,
    "decay_length": 100,
    "nSweeps": 500000,
    "dump_frequency": 50000,
    "dump_stats_frequency": 100,
    "nEquilibSweeps": 1,
    "bonded_on": true,
    "nonbonded_on": true,
    "binding_on": false,
    "diagonal_on": false,
    "displacement_on": false,
    "translation_on": true,
    "crankshaft_on": true,
    "pivot_on": true,
    "rotate_on": true,
    "plaid_on": true,
    "AB_block": false,
    "domainsize": 800,
    "load_chipseq": true,
    "load_configuration": true,
    "prof_timer_on": false,
    "print_trans": false,
    "print_acceptance_rates": true,
    "contact_resolution": 1,
    "gridmove_on": true,
    "diag_chis": [
        0,
        0.02631579,
        0.05263158,
        0.07894737,
        0.10526316,
        0.13157895,
        0.15789474,
        0.18421053,
        0.21052632,
        0.23684211,
        0.26315789,
        0.28947368,
        0.31578947,
        0.34210526,
        0.36842105,
        0.39473684,
        0.42105263,
        0.44736842,
        0.47368421,
        0.5
    ],
    "grid_size": 28.7,
    "track_contactmap": false,
    "diagonal_linear": true,
    "visit_tracking": false,
    "dump_density": false,
    "update_contacts_distance": false,
    "boundary_attract_on": false,
    "boundary_chi": 0,
    "chiAA": 19.25023,
    "chiAB": 34.51096,
    "chiAC": 37.9935,
    "chiAD": 68.74812,
    "chiAE": 47.85587,
    "chiAF": 93.05498,
    "chiAG": 86.37232,
    "chiAH": 72.52103,
    "chiAI": 79.61069,
    "chiBA": 1.0,
    "chiBB": 53.05412,
    "chiBC": 41.53479,
    "chiBD": 66.44824,
    "chiBE": 56.30014,
    "chiBF": 85.92792,
    "chiBG": 63.61762,
    "chiBH": 72.46354,
    "chiBI": 66.93135,
    "chiCA": 0.0,
    "chiCB": 0.5,
    "chiCC": 47.69318,
    "chiCD": 74.04234,
    "chiCE": 58.64071,
    "chiCF": 55.11854,
    "chiCG": 67.7108,
    "chiCH": 75.06625,
    "chiCI": 47.07382,
    "chiDA": -0.9,
    "chiDB": 0.9,
    "chiDC": -0.5,
    "chiDD": 39.78751,
    "chiDE": 48.2644,
    "chiDF": 56.2338,
    "chiDG": 51.99049,
    "chiDH": 55.27303,
    "chiDI": 97.22416,
    "chiEA": 0.2,
    "chiEB": 0.5,
    "chiEC": 0.6,
    "chiED": -0.4,
    "chiEE": 12.88119,
    "chiEF": 81.28709,
    "chiEG": 65.46549,
    "chiEH": 62.83722,
    "chiEI": 59.52998,
    "chiFA": 0.9,
    "chiFB": -0.1,
    "chiFC": -0.1,
    "chiFD": 0.1,
    "chiFE": 0.5,
    "chiFF": 64.21693,
    "chiFG": 47.0163,
    "chiFH": 48.28156,
    "chiFI": 52.16057,
    "chiGA": 0.4,
    "chiGB": 0.4,
    "chiGC": 0.6,
    "chiGD": 0.5,
    "chiGE": 0.6,
    "chiGF": -0.1,
    "chiGG": 76.80483,
    "chiGH": 106.31789,
    "chiGI": 41.53281,
    "chiHA": 0.2,
    "chiHB": -0.5,
    "chiHC": -0.2,
    "chiHD": 0.3,
    "chiHE": -0.7,
    "chiHF": -1.0,
    "chiHG": -0.7,
    "chiHH": 54.69361,
    "chiHI": 73.51062,
    "chiIA": 0.5,
    "chiIB": 0.6,
    "chiIC": 0.0,
    "chiID": 0.2,
    "chiIE": 0.2,
    "chiIF": -0.4,
    "chiIG": 0.6,
    "chiIH": -0.9,
    "chiII": 33.1058,
    "nbeads": 1024,
    "nspecies": 9,
    "load_configuration_filename": "equilibrated.xyz",
    "chipseq_files": [
        "seq0.txt",
        "seq1.txt",
        "seq2.txt",
        "seq3.txt",
        "seq4.txt",
        "seq5.txt",
        "seq6.txt",
        "seq7.txt",
        "seq8.txt"
    ]
}
